,ID,adj.P.Val,P.Value,logFC,Gene.symbol
3,ILMN_1700147,5.39E-18,3.31E-22,-4.0872908,VPREB3
4,ILMN_2292646,6.64E-18,5.44E-22,-1.5335801,GAD1
5,ILMN_1678170,1.82E-17,1.86E-21,-2.9389683,MME
6,ILMN_1709173,2.41E-16,2.96E-20,-2.1874464,HMHB1
7,ILMN_1804993,3.00E-16,4.31E-20,-1.7282517,FAM178B
8,ILMN_1887357,3.71E-16,6.08E-20,-1.3489358,CHRM3
9,ILMN_1796455,4.79E-16,8.84E-20,-2.7209084,RYR3
13,ILMN_1738818,1.75E-15,4.68E-19,-1.3069309,RAG1
15,ILMN_1900639,5.12E-15,1.57E-18,-1.3019517,SAPCD1
17,ILMN_1720266,4.63E-14,1.61E-17,-1.3549981,NUP62CL
19,ILMN_2134765,5.72E-14,2.23E-17,-1.6794936,PKLR
21,ILMN_1756550,9.78E-14,4.21E-17,-1.3710781,SLC25A21
22,ILMN_2380561,1.11E-13,5.01E-17,-1.0183024,AKAP12
23,ILMN_1780417,1.30E-13,6.13E-17,-1.0695026,ZNF121
26,ILMN_1684836,1.92E-13,1.05E-16,-1.0325257,MRE11A
28,ILMN_1777031,2.02E-13,1.16E-16,-1.5389857,LRIG1
30,ILMN_1766613,5.97E-13,3.67E-16,-1.4595102,NPY
31,ILMN_1780774,7.31E-13,4.65E-16,-1.1725723,APOC1
32,ILMN_1658636,7.90E-13,5.18E-16,-1.3677109,CXorf57
34,ILMN_2128795,8.35E-13,5.82E-16,-2.7576785,CHTF18
37,ILMN_1731062,1.12E-12,8.52E-16,-1.7695445,FAM129C
38,ILMN_1789007,1.13E-12,8.82E-16,-2.228923,C22orf34
43,ILMN_1703279,2.89E-12,2.55E-15,-1.600346,RALGDS
45,ILMN_1761422,5.72E-12,5.28E-15,-1.1328414,EBF1
47,ILMN_1756705,8.69E-12,8.45E-15,-1.5850631,SNORA62
51,ILMN_1664063,1.01E-11,1.06E-14,-1.9356217,ANK1
53,ILMN_1911927,1.76E-11,1.92E-14,-1.0314184,RAB35
55,ILMN_1707342,1.94E-11,2.19E-14,-1.0908395,PRG2
56,ILMN_1699856,1.95E-11,2.25E-14,2.2452855,DLST
59,ILMN_1778681,2.31E-11,2.79E-14,-2.854882,SYNGR1
64,ILMN_1700074,2.85E-11,3.75E-14,-1.013231,CCDC81
66,ILMN_1684694,3.11E-11,4.25E-14,-1.0395363,MND1
67,ILMN_1812571,3.11E-11,4.28E-14,1.3189882,PDIA3P1
69,ILMN_1729314,3.55E-11,5.02E-14,-5.6389587,VPREB1
70,ILMN_1773228,3.98E-11,5.72E-14,1.264008,HMGN5
71,ILMN_1668313,3.98E-11,5.79E-14,-1.272831,BACH2
72,ILMN_1794534,4.18E-11,6.17E-14,-1.1966429,MYH10
74,ILMN_1671906,4.34E-11,6.58E-14,-1.8633015,CENPW
81,ILMN_1723971,8.15E-11,1.35E-13,-1.5187306,TMBIM1
82,ILMN_2075440,9.02E-11,1.52E-13,1.9349602,BAX
83,ILMN_1738549,1.03E-10,1.74E-13,-5.1243975,CENPE
84,ILMN_1749799,1.04E-10,1.79E-13,-2.4428616,KIF14
92,ILMN_2058468,1.73E-10,3.26E-13,-1.3757297,KCNH2
97,ILMN_1815154,2.32E-10,4.62E-13,-3.5920558,NDRG3
105,ILMN_1763907,3.79E-10,8.15E-13,-1.308538,NMU
108,ILMN_1705213,5.24E-10,1.16E-12,1.8224026,AVP
111,ILMN_2321064,5.46E-10,1.24E-12,2.316815,GANAB
112,ILMN_1716279,6.37E-10,1.47E-12,-1.8036144,CLIC1
118,ILMN_1808071,8.29E-10,2.01E-12,-1.3911014,FAM83D
124,ILMN_1739987,9.89E-10,2.51E-12,-1.9619671,PLOD2
125,ILMN_1804530,1.00E-09,2.57E-12,2.4722673,CRMP1
129,ILMN_2385097,1.23E-09,3.24E-12,1.6179365,TROAP
132,ILMN_2162253,1.38E-09,3.74E-12,-1.7045873,SASS6
133,ILMN_2230117,1.41E-09,3.86E-12,-2.8130265,EZH2
135,ILMN_1739441,1.47E-09,4.06E-12,1.3922918,CAPN1
138,ILMN_1856443,2.27E-09,6.43E-12,-1.4104569,AKR1C2
139,ILMN_1756982,2.28E-09,6.50E-12,1.2307654,CDKN3
148,ILMN_2148796,3.05E-09,9.24E-12,-1.5437647,ARPP21
149,ILMN_1781943,3.13E-09,9.57E-12,-1.4122854,POLQ
156,ILMN_1771599,4.45E-09,1.42E-11,-2.3028782,ARHGAP11B
161,ILMN_1789541,5.14E-09,1.70E-11,-1.1458246,MS4A2
162,ILMN_1700337,5.37E-09,1.78E-11,-1.4880417,HNRNPR
166,ILMN_2089458,6.11E-09,2.08E-11,-1.0081066,HMGN2
172,ILMN_1652913,6.43E-09,2.27E-11,-1.3385192,RIF1
173,ILMN_1705261,6.85E-09,2.43E-11,1.3906619,ASPM
175,ILMN_2412336,6.87E-09,2.46E-11,-1.0275573,CDH1
176,ILMN_1666305,6.92E-09,2.50E-11,-1.4317497,MYO1G
177,ILMN_2374728,6.92E-09,2.51E-11,-1.6669728,CAPRIN2
178,ILMN_1740291,6.94E-09,2.55E-11,-2.4389161,NFIA
179,ILMN_2215881,6.94E-09,2.56E-11,-1.073884,PRPS1
188,ILMN_1806721,8.36E-09,3.22E-11,-1.4299399,CENPF
193,ILMN_2175894,9.99E-09,3.95E-11,-1.3174089,GMNN
194,ILMN_2058141,1.18E-08,4.71E-11,-1.1188983,NEK2
195,ILMN_1686835,1.22E-08,4.88E-11,-1.2058951,FAM120C
197,ILMN_2149053,1.32E-08,5.32E-11,-1.5326073,E2F7
198,ILMN_1815184,1.33E-08,5.38E-11,-2.3732581,CCDC18
199,ILMN_1770940,1.35E-08,5.51E-11,-2.559704,DDB1
201,ILMN_1783253,1.35E-08,5.58E-11,-1.0874498,CDC42
203,ILMN_1692295,1.36E-08,5.66E-11,2.0275531,PBK
205,ILMN_1681118,1.41E-08,5.92E-11,-1.4008134,HOOK1
207,ILMN_1758049,1.43E-08,6.07E-11,-1.2040835,ADGRE5
208,ILMN_1667050,1.48E-08,6.32E-11,-1.3319684,TSPYL5
209,ILMN_1664516,1.52E-08,6.50E-11,-2.3925315,ZNF789
215,ILMN_1720114,1.78E-08,7.86E-11,-1.4593484,ZNF519
216,ILMN_2051373,1.84E-08,8.15E-11,-1.6816743,MBOAT7
218,ILMN_1851547,1.92E-08,8.56E-11,-1.2693994,LRRC26
220,ILMN_1798210,1.98E-08,8.95E-11,-1.1266304,CDK1
224,ILMN_1804953,2.06E-08,9.45E-11,-1.0254095,MTX3
225,ILMN_1671402,2.17E-08,1.01E-10,-1.736249,MYDGF
227,ILMN_1774735,2.30E-08,1.07E-10,-1.0388025,REXO2
232,ILMN_1738424,2.60E-08,1.24E-10,1.3055725,P4HA2
236,ILMN_1672161,2.84E-08,1.37E-10,-1.0805916,C6orf47
240,ILMN_1673673,2.86E-08,1.41E-10,-1.0031999,RPS6KA3
242,ILMN_1823809,2.88E-08,1.43E-10,-1.5940038,TWF2
245,ILMN_1741406,3.00E-08,1.51E-10,-1.134555,CXADR
247,ILMN_2413508,3.04E-08,1.54E-10,1.8698715,ZNF462
248,ILMN_1737972,3.06E-08,1.56E-10,-1.8297732,LTBR
249,ILMN_1789364,3.17E-08,1.62E-10,-1.1800581,PBX2
255,ILMN_1793572,3.36E-08,1.76E-10,-1.4250535,ADNP
256,ILMN_1669682,3.53E-08,1.85E-10,-1.0256229,EEF1E1
258,ILMN_1734734,3.70E-08,1.96E-10,-1.0237276,ALDH1A1
259,ILMN_1722218,3.76E-08,2.00E-10,1.6824903,CDC7
264,ILMN_2249018,4.08E-08,2.21E-10,-1.5163954,RPA3
268,ILMN_1710428,4.30E-08,2.36E-10,-1.0740693,HSPE1
269,ILMN_1679071,4.40E-08,2.43E-10,-1.4793354,AMT
274,ILMN_1787844,4.43E-08,2.49E-10,1.5590921,KLHL36
278,ILMN_1673363,4.53E-08,2.58E-10,1.9824401,CCDC50
282,ILMN_1749009,4.83E-08,2.79E-10,-1.6990154,KIF18A
283,ILMN_1795778,4.92E-08,2.85E-10,-1.2770356,UBE2C
284,ILMN_1795286,4.96E-08,2.89E-10,1.3891604,VIM
285,ILMN_1652736,4.96E-08,2.90E-10,1.2215256,FHL2
290,ILMN_1874806,5.20E-08,3.09E-10,-1.2511514,GNL3
292,ILMN_1703305,5.31E-08,3.18E-10,1.4929611,GLDC
296,ILMN_1796925,5.84E-08,3.55E-10,-1.4908156,LRRCC1
303,ILMN_1686679,6.70E-08,4.16E-10,-1.0783556,TOR3A
310,ILMN_1729831,7.67E-08,4.88E-10,-2.1585011,BOLA3
311,ILMN_1667476,7.67E-08,4.89E-10,2.0035176,CEP135
312,ILMN_1682699,7.96E-08,5.09E-10,1.1811017,RFC4
314,ILMN_2345739,8.07E-08,5.21E-10,-1.2877214,SYS1
320,ILMN_1666019,8.53E-08,5.60E-10,-1.0683106,DLGAP5
324,ILMN_1725105,9.24E-08,6.13E-10,-1.3862857,FKBP11
329,ILMN_2096372,9.92E-08,6.69E-10,-3.01929,MPDU1
337,ILMN_1741801,1.19E-07,8.21E-10,-1.2432674,ATP7B
340,ILMN_1680757,1.21E-07,8.40E-10,-1.5414929,SLFN13
349,ILMN_1716895,1.32E-07,9.46E-10,-1.3791643,PSMG1
350,ILMN_2092536,1.34E-07,9.67E-10,-1.1392954,HMMR
353,ILMN_1665331,1.39E-07,1.01E-09,-1.459477,UROD
354,ILMN_1703314,1.41E-07,1.02E-09,1.4530935,NUSAP1
355,ILMN_1872404,1.43E-07,1.04E-09,-1.6926107,CKAP2L
362,ILMN_2132161,1.56E-07,1.16E-09,-1.0437242,PTTG3P
376,ILMN_2301083,1.90E-07,1.46E-09,-2.4233709,AMMECR1
378,ILMN_2058251,1.94E-07,1.51E-09,1.0845621,ELOVL6
387,ILMN_1668411,2.05E-07,1.63E-09,-2.1640761,DCBLD2
390,ILMN_1803775,2.07E-07,1.66E-09,-1.1490039,G6PD
394,ILMN_1806106,2.10E-07,1.69E-09,-1.1553071,MNS1
397,ILMN_1809439,2.11E-07,1.72E-09,-1.4544433,IGLL1
398,ILMN_1806754,2.13E-07,1.74E-09,-1.0130625,POLE2
399,ILMN_2384807,2.17E-07,1.78E-09,-1.8161752,PKD2
401,ILMN_1768181,2.28E-07,1.88E-09,1.3139967,SDHC
404,ILMN_2343010,2.36E-07,1.96E-09,-1.2530929,CYGB
406,ILMN_1693766,2.38E-07,1.98E-09,-1.4238176,SLC16A5
408,ILMN_1724489,2.40E-07,2.01E-09,-1.3803373,SNX11
413,ILMN_1756590,2.41E-07,2.04E-09,1.143576,PFKM
421,ILMN_1749829,2.54E-07,2.19E-09,-1.9336879,YEATS4
425,ILMN_1787345,2.65E-07,2.31E-09,-1.4609339,SLC39A1
428,ILMN_1655654,2.65E-07,2.32E-09,1.1716561,NUDT11
429,ILMN_1722056,2.69E-07,2.36E-09,-1.9186998,NOP58
432,ILMN_1714730,2.74E-07,2.43E-09,-2.5556337,TOM1
437,ILMN_2215862,2.97E-07,2.66E-09,-1.181616,RFWD3
439,ILMN_1659285,2.99E-07,2.69E-09,-1.1192166,GDE1
441,ILMN_1781942,3.03E-07,2.74E-09,-2.2253394,HELLS
444,ILMN_1740742,3.15E-07,2.87E-09,-1.2171508,ARHGAP30
446,ILMN_2409298,3.20E-07,2.92E-09,-1.7922213,MAPK3
447,ILMN_2280568,3.21E-07,2.94E-09,-1.3527154,HELZ2
448,ILMN_1751776,3.21E-07,2.95E-09,-1.8987597,TYROBP
451,ILMN_2049021,3.29E-07,3.05E-09,-1.3135332,PTTG1
453,ILMN_2355831,3.31E-07,3.08E-09,-2.9528365,RANBP1
461,ILMN_1779374,3.35E-07,3.17E-09,-1.032485,RAD51AP1
466,ILMN_2111187,3.47E-07,3.32E-09,-2.0201003,TPP1
470,ILMN_2174127,3.50E-07,3.37E-09,-1.6499333,KIF20B
471,ILMN_2347949,3.53E-07,3.41E-09,1.3689703,SPDL1
473,ILMN_2157240,3.56E-07,3.45E-09,-1.4858044,CHMP3
477,ILMN_1656713,3.73E-07,3.64E-09,-2.4846555,ZNF721
482,ILMN_1774336,3.80E-07,3.75E-09,-2.0897465,APOE
484,ILMN_2075436,3.88E-07,3.85E-09,1.1694532,PRG3
490,ILMN_2409220,3.95E-07,3.96E-09,-2.0332326,GRINA
492,ILMN_2052891,3.97E-07,4.00E-09,-1.4320254,MVP
496,ILMN_1746241,4.11E-07,4.18E-09,1.0664018,PLK4
497,ILMN_1758128,4.16E-07,4.24E-09,-1.7177808,ITGA5
501,ILMN_1755649,4.32E-07,4.44E-09,1.4005325,ABTB1
502,ILMN_1683950,4.39E-07,4.52E-09,1.1050497,USP1
509,ILMN_1869160,4.54E-07,4.74E-09,-1.4832072,WRN
510,ILMN_1718934,4.62E-07,4.83E-09,-2.3967965,HCST
518,ILMN_2043809,4.84E-07,5.14E-09,-1.3611953,FAM19A2
521,ILMN_1709348,4.91E-07,5.25E-09,-3.3799176,DEPDC1B
531,ILMN_1801387,5.24E-07,5.70E-09,-1.1849657,RPL39L
532,ILMN_2116714,5.30E-07,5.78E-09,1.3844688,LAMP2
535,ILMN_2189668,5.39E-07,5.91E-09,-1.6910578,PPP3R1
536,ILMN_1748476,5.42E-07,5.96E-09,-1.2085786,COL5A1
540,ILMN_2082314,5.63E-07,6.23E-09,1.616618,ARPC1B
541,ILMN_1815840,5.68E-07,6.29E-09,-3.4283482,WEE1
543,ILMN_1687107,5.73E-07,6.38E-09,-1.1120696,FBXO5
546,ILMN_1728698,5.94E-07,6.64E-09,1.0777748,PAXBP1
548,ILMN_2202423,6.13E-07,6.88E-09,-1.4441191,CMTM8
551,ILMN_2289825,6.18E-07,6.98E-09,-2.4908826,PRC1
556,ILMN_2364529,6.30E-07,7.18E-09,-1.3387943,CCDC14
558,ILMN_1750805,6.42E-07,7.35E-09,1.0718726,P2RX4
560,ILMN_1749875,6.43E-07,7.38E-09,-1.6046834,ZMYND8
562,ILMN_2083066,6.47E-07,7.45E-09,-3.2480591,CTGF
563,ILMN_1667260,6.54E-07,7.55E-09,1.173119,LEF1
571,ILMN_1787509,6.74E-07,7.89E-09,1.9216265,HMGB3
574,ILMN_1778977,7.08E-07,8.33E-09,2.7307099,DUT
579,ILMN_1753196,7.29E-07,8.65E-09,-1.4856738,SERPINE2
582,ILMN_2109156,7.36E-07,8.78E-09,-1.1301519,HPS4
583,ILMN_1670353,7.36E-07,8.79E-09,-1.9987731,HIST2H2AA3
591,ILMN_1729234,7.65E-07,9.27E-09,1.4106907,COPG2
593,ILMN_1712452,7.73E-07,9.40E-09,-1.4154979,PLS3
601,ILMN_1900661,8.00E-07,9.86E-09,-1.2513516,CCNB2
603,ILMN_1695357,8.11E-07,1.00E-08,-1.230362,AP2B1
604,ILMN_2406043,8.22E-07,1.02E-08,1.0717275,NBPF9
605,ILMN_1805271,8.24E-07,1.02E-08,-1.7410359,TMSB15A
613,ILMN_2382431,8.46E-07,1.06E-08,-1.0190157,LRCH4
620,ILMN_1740938,8.69E-07,1.11E-08,-2.2311445,SLC11A2
627,ILMN_1659645,8.87E-07,1.14E-08,-1.1602428,ANKRD36B
638,ILMN_2370872,9.39E-07,1.23E-08,1.636416,CLC
639,ILMN_1803277,9.45E-07,1.24E-08,2.0543216,TCF4
644,ILMN_1789123,9.61E-07,1.27E-08,-1.6526662,NUP107
661,ILMN_1792679,1.06E-06,1.44E-08,1.3871223,TXNIP
662,ILMN_1802096,1.06E-06,1.44E-08,1.4519998,TAP2
664,ILMN_1657701,1.09E-06,1.49E-08,-1.4397781,ADAP1
665,ILMN_1696975,1.09E-06,1.49E-08,-1.5076253,CDCA3
673,ILMN_1679881,1.15E-06,1.58E-08,-1.3915735,TMEM14C
675,ILMN_1699931,1.16E-06,1.60E-08,1.6118457,BARD1
676,ILMN_1695430,1.16E-06,1.61E-08,-1.6090176,KIAA0226L
682,ILMN_1691876,1.22E-06,1.70E-08,-1.0443326,CASZ1
683,ILMN_1814600,1.22E-06,1.71E-08,-1.0656616,CCDC34
691,ILMN_1666746,1.24E-06,1.76E-08,-1.3325053,RPF2
698,ILMN_1712413,1.28E-06,1.83E-08,-1.8026882,VPS13A
708,ILMN_1786658,1.32E-06,1.91E-08,-1.2355697,ZWINT
712,ILMN_1673282,1.34E-06,1.95E-08,1.3238688,HNRNPA1P33
713,ILMN_1796962,1.34E-06,1.97E-08,1.0188796,HMGB2
718,ILMN_1706505,1.35E-06,1.99E-08,-2.2682924,KNTC1
732,ILMN_2085760,1.44E-06,2.16E-08,2.1664827,RIMS3
735,ILMN_1778561,1.47E-06,2.21E-08,-1.4828582,CBX1
742,ILMN_1710676,1.51E-06,2.29E-08,-1.5965579,ATP6V0B
747,ILMN_2251978,1.54E-06,2.37E-08,-1.6410465,NCAPG
752,ILMN_1710124,1.61E-06,2.49E-08,-2.335584,CDC25A
760,ILMN_1728934,1.66E-06,2.59E-08,-1.3916347,CRIP1
777,ILMN_1677239,1.76E-06,2.81E-08,-1.9650293,DNAJB2
778,ILMN_1813846,1.77E-06,2.82E-08,1.3856773,MELK
780,ILMN_2386179,1.78E-06,2.85E-08,-1.092895,TOP2A
786,ILMN_1699829,1.83E-06,2.96E-08,-2.2530134,SQSTM1
795,ILMN_2213136,1.90E-06,3.09E-08,-2.4513007,WFS1
798,ILMN_1733519,1.91E-06,3.12E-08,-1.2657352,ORAI1
800,ILMN_1732688,1.94E-06,3.18E-08,-1.4646394,FANCD2
801,ILMN_1655595,1.94E-06,3.19E-08,-3.5836315,PLSCR3
808,ILMN_1808919,1.97E-06,3.27E-08,-1.4277628,MOB3A
812,ILMN_2144426,1.98E-06,3.29E-08,2.8066833,PRTN3
815,ILMN_1809496,2.04E-06,3.42E-08,1.4083118,HNRNPA2B1
820,ILMN_1699521,2.08E-06,3.49E-08,-1.8195551,TRIT1
822,ILMN_2041788,2.10E-06,3.53E-08,-1.253369,CCL5
831,ILMN_1801939,2.19E-06,3.73E-08,-2.1033344,CENPN
833,ILMN_2108357,2.20E-06,3.76E-08,-1.9946466,MTF2
834,ILMN_1681998,2.24E-06,3.84E-08,1.1474547,PLEKHO1
835,ILMN_2115490,2.26E-06,3.86E-08,1.6976974,CCP110
837,ILMN_1679185,2.26E-06,3.88E-08,-2.1960457,CD44
850,ILMN_1681737,2.36E-06,4.10E-08,-1.3689187,KIF11
858,ILMN_2157075,2.45E-06,4.31E-08,1.3359875,NPIPA1
859,ILMN_1747911,2.45E-06,4.32E-08,-2.1784033,TIMP1
861,ILMN_1745034,2.47E-06,4.36E-08,-1.4455546,MOB3C
862,ILMN_1697559,2.47E-06,4.37E-08,1.4005561,CENPK
868,ILMN_1780806,2.55E-06,4.54E-08,-1.1735655,ZNF428
881,ILMN_1654875,2.71E-06,4.89E-08,-4.7149228,SLC16A10
888,ILMN_2115125,2.74E-06,4.99E-08,-2.1018596,TIMP2
890,ILMN_1856315,2.76E-06,5.03E-08,-2.0020257,IRF1
891,ILMN_1814194,2.76E-06,5.03E-08,-1.3908569,CCDC138
892,ILMN_1815924,2.77E-06,5.06E-08,-1.2486207,FAM131A
896,ILMN_1695435,2.77E-06,5.09E-08,3.0721885,MZB1
898,ILMN_1667932,2.77E-06,5.11E-08,-1.2375216,CD24
905,ILMN_1697448,2.83E-06,5.24E-08,1.4847719,TIMELESS
913,ILMN_1759250,2.90E-06,5.42E-08,1.0917135,CCS
914,ILMN_2047511,2.91E-06,5.45E-08,2.0915061,NAE1
919,ILMN_2331735,3.01E-06,5.66E-08,1.0931564,PTPN6
921,ILMN_1659047,3.04E-06,5.73E-08,2.650542,KIAA0101
940,ILMN_1737728,3.27E-06,6.30E-08,-1.0656985,HIST2H2AC
951,ILMN_1779264,3.32E-06,6.47E-08,-1.2207546,SLAIN1
966,ILMN_1657857,3.38E-06,6.70E-08,-1.0014136,NOP56
969,ILMN_2074258,3.41E-06,6.77E-08,-1.2880663,CORO1B
971,ILMN_2243687,3.44E-06,6.85E-08,1.3201559,CENPA
982,ILMN_2196550,3.58E-06,7.21E-08,-1.3339293,KIF15
988,ILMN_1655191,3.68E-06,7.44E-08,1.3490919,RFC3
996,ILMN_2288784,3.74E-06,7.63E-08,-1.4622888,PARPBP
1007,ILMN_1664167,3.91E-06,8.07E-08,-1.073728,CKS2
1010,ILMN_1855746,3.93E-06,8.14E-08,-1.3231411,CORO1A
1011,ILMN_2362549,3.97E-06,8.23E-08,-1.5770933,SUGP2
1024,ILMN_2125675,4.11E-06,8.64E-08,-1.2602087,TTK
1025,ILMN_1654268,4.12E-06,8.66E-08,-1.4126549,PQLC3
1036,ILMN_1732516,4.33E-06,9.20E-08,-1.6526648,SH3BGRL2
1042,ILMN_1742382,4.47E-06,9.54E-08,-1.3819604,RENBP
1043,ILMN_1770244,4.47E-06,9.55E-08,-1.0395966,RAB5C
1048,ILMN_1721391,4.59E-06,9.86E-08,1.0109856,TMEM237
1050,ILMN_1751444,4.61E-06,9.92E-08,-1.7268302,PRF1
1057,ILMN_1711005,4.70E-06,1.02E-07,-1.5982178,PNPLA6
1062,ILMN_1724017,4.80E-06,1.04E-07,-1.387679,ASB9
1064,ILMN_1656920,4.89E-06,1.07E-07,2.9216327,EPCAM
1085,ILMN_2390974,5.42E-06,1.20E-07,1.4660278,ABCC5
1094,ILMN_1731184,5.53E-06,1.24E-07,-1.3309565,CHEK1
1095,ILMN_1686097,5.56E-06,1.25E-07,-2.3842168,FOXM1
1111,ILMN_2070052,5.77E-06,1.31E-07,-1.4060571,DNTT
1114,ILMN_1662618,5.81E-06,1.33E-07,1.3131631,NCL
1122,ILMN_1759023,5.89E-06,1.35E-07,-1.3568822,HNRNPAB
1131,ILMN_1724148,6.00E-06,1.39E-07,1.1448459,ADGRL1
1132,ILMN_2235137,6.05E-06,1.41E-07,-1.1691232,NDC80
1141,ILMN_1703433,6.08E-06,1.42E-07,1.3822563,E2F5
1144,ILMN_1721344,6.13E-06,1.44E-07,1.3977097,STIL
1157,ILMN_1668460,6.33E-06,1.50E-07,-3.8622509,SLC2A10
1159,ILMN_1886493,6.34E-06,1.51E-07,-1.9272989,UPP1
1161,ILMN_1727692,6.34E-06,1.51E-07,-1.0285964,CENPU
1183,ILMN_2098126,6.60E-06,1.60E-07,2.7565247,YBEY
1184,ILMN_1686811,6.71E-06,1.63E-07,-1.1837869,SEPHS1
1185,ILMN_1720526,6.72E-06,1.63E-07,-1.4169715,TAGLN2
1196,ILMN_1733615,6.88E-06,1.69E-07,-1.0268062,ABHD8
1203,ILMN_1694213,6.91E-06,1.70E-07,1.0625126,HJURP
1204,ILMN_1773200,6.91E-06,1.71E-07,-1.3363818,ITGA2B
1213,ILMN_2348788,7.14E-06,1.78E-07,1.3814124,SPC24
1215,ILMN_2143155,7.14E-06,1.78E-07,-1.9001204,CEP83
1218,ILMN_1676986,7.18E-06,1.79E-07,-1.1754076,GAS7
1237,ILMN_1711566,7.55E-06,1.91E-07,2.2466208,ZNF83
1236,ILMN_2103685,7.55E-06,1.91E-07,-1.3292923,ENOSF1
1245,ILMN_1787648,7.84E-06,2.00E-07,-1.2893402,ZNF467
1250,ILMN_1798288,7.97E-06,2.04E-07,1.2383582,RHOG
1252,ILMN_1737195,7.98E-06,2.05E-07,-1.6803131,CFAP20
1258,ILMN_1652754,8.01E-06,2.06E-07,1.2413576,ACTA2
1254,ILMN_1782938,8.01E-06,2.06E-07,-1.1057744,HLTF
1259,ILMN_1721876,8.07E-06,2.08E-07,1.4854957,PIK3IP1
1261,ILMN_1708375,8.09E-06,2.09E-07,1.2018189,NFS1
1262,ILMN_1856634,8.09E-06,2.09E-07,-1.0085936,PLOD3
1272,ILMN_1767260,8.24E-06,2.15E-07,-1.0750547,CEP55
1289,ILMN_1729217,8.78E-06,2.32E-07,1.0518957,CYYR1
1285,ILMN_1662878,8.78E-06,2.32E-07,-1.5821405,CEP152
1297,ILMN_2060413,9.04E-06,2.40E-07,-3.234258,TMEM150A
1300,ILMN_1735093,9.10E-06,2.42E-07,-1.4868134,BUB1
1310,ILMN_2290998,9.27E-06,2.49E-07,1.5776912,PCNA
1318,ILMN_2042771,9.42E-06,2.54E-07,-1.4338614,NAAA
1328,ILMN_2415439,9.51E-06,2.59E-07,-1.1082137,EPHB4
1329,ILMN_1738675,9.54E-06,2.60E-07,1.5667363,MAP2K3
1339,ILMN_2285996,9.76E-06,2.68E-07,-2.0921541,HIST2H2BE
1340,ILMN_1768973,9.81E-06,2.70E-07,2.4203883,SQRDL
1351,ILMN_1717765,1.02E-05,2.83E-07,-1.1839547,QSOX1
1353,ILMN_1746784,1.03E-05,2.86E-07,-1.8578223,VCAM1
1367,ILMN_2044832,1.05E-05,2.94E-07,-1.0054217,TRIB2
1372,ILMN_1653708,1.07E-05,3.00E-07,1.1686445,TSPAN31
1375,ILMN_1801257,1.07E-05,3.03E-07,-1.2755527,IL27RA
1387,ILMN_1753063,1.10E-05,3.13E-07,-1.8518066,DIAPH1
1390,ILMN_1784860,1.11E-05,3.17E-07,-1.0699016,BCL11A
1393,ILMN_1727055,1.12E-05,3.20E-07,-1.2225172,TRO
1394,ILMN_2072296,1.12E-05,3.21E-07,-1.1886689,PKIA
1399,ILMN_1794539,1.13E-05,3.25E-07,-1.5684021,UBE2T
1404,ILMN_1713749,1.13E-05,3.27E-07,1.6708878,TICAM1
1415,ILMN_1652407,1.16E-05,3.37E-07,-1.1093199,TCERG1
1418,ILMN_1711270,1.16E-05,3.38E-07,-1.0233089,DNAJC9
1427,ILMN_2370365,1.18E-05,3.44E-07,-1.3019907,SF1
1434,ILMN_1654313,1.19E-05,3.49E-07,-1.0482958,CHD9
1446,ILMN_1788166,1.21E-05,3.59E-07,-1.6746897,AFF3
1448,ILMN_1814213,1.22E-05,3.63E-07,1.1951342,MKL1
1454,ILMN_1762764,1.23E-05,3.67E-07,-1.4394949,NASP
1472,ILMN_1780057,1.26E-05,3.80E-07,1.4973836,LIG1
1474,ILMN_2172318,1.26E-05,3.81E-07,-1.0357443,RBM25
1480,ILMN_1769665,1.28E-05,3.88E-07,1.1627716,SIDT2
1481,ILMN_1800958,1.28E-05,3.89E-07,-1.2151581,NEU1
1482,ILMN_1740633,1.28E-05,3.90E-07,1.4182077,SLC8A3
1487,ILMN_1799614,1.31E-05,3.99E-07,1.0459221,MPP6
1489,ILMN_1679450,1.31E-05,4.01E-07,-1.4275094,SPATA2L
1496,ILMN_1786041,1.35E-05,4.13E-07,-1.6949884,CDKN1A
1507,ILMN_2160210,1.37E-05,4.25E-07,-3.250843,GZMA
1508,ILMN_1651964,1.37E-05,4.25E-07,-1.2939728,TOP2B
1510,ILMN_1664630,1.38E-05,4.26E-07,-1.6028001,DPEP2
1544,ILMN_1721457,1.45E-05,4.59E-07,-1.1092695,PKMYT1
1547,ILMN_2344971,1.47E-05,4.66E-07,-1.223566,FAM214B
1551,ILMN_1783156,1.47E-05,4.67E-07,1.1745467,FHL3
1557,ILMN_2384001,1.50E-05,4.79E-07,-5.1168466,SNORA33
1573,ILMN_2121437,1.56E-05,5.02E-07,-1.0866622,NPIPB3
1578,ILMN_1696485,1.57E-05,5.09E-07,-1.1643536,STAT6
1584,ILMN_1813175,1.59E-05,5.18E-07,-1.2554944,RFC5
1589,ILMN_1664511,1.61E-05,5.25E-07,-1.2661015,AURKB
1590,ILMN_1811117,1.62E-05,5.28E-07,-1.5720896,HNRNPA1P10
1594,ILMN_1782551,1.63E-05,5.31E-07,-1.2252644,SPTA1
1596,ILMN_2413650,1.63E-05,5.34E-07,-1.5343438,PSIP1
1602,ILMN_2120247,1.65E-05,5.41E-07,-1.0723093,SREK1
1608,ILMN_1798256,1.65E-05,5.45E-07,2.891382,FANCG
1607,ILMN_1679438,1.65E-05,5.45E-07,-1.2649244,CD8A
1609,ILMN_1724052,1.66E-05,5.48E-07,-1.4337252,RCC1
1610,ILMN_1808251,1.66E-05,5.48E-07,-1.0502925,CD247
1611,ILMN_1656297,1.66E-05,5.49E-07,1.0111848,CNRIP1
1614,ILMN_2176768,1.66E-05,5.50E-07,-1.1460854,VWDE
1616,ILMN_1691892,1.66E-05,5.51E-07,1.6974311,UHRF1
1621,ILMN_1712707,1.68E-05,5.59E-07,1.1184861,ZNF524
1638,ILMN_1703906,1.77E-05,5.93E-07,-1.0903863,PPM1M
1649,ILMN_1721888,1.80E-05,6.09E-07,-1.8139797,LUC7L3
1650,ILMN_2219712,1.80E-05,6.10E-07,-1.2625478,FANCL
1657,ILMN_2181432,1.82E-05,6.17E-07,-1.0500482,FANCI
1670,ILMN_1799113,1.87E-05,6.39E-07,-1.0455131,TRIM33
1675,ILMN_1745994,1.88E-05,6.46E-07,1.8866335,CMTM3
1686,ILMN_1773388,1.92E-05,6.64E-07,-1.3589584,CTSA
1690,ILMN_2190414,1.93E-05,6.70E-07,-1.1743778,ZRANB2
1694,ILMN_1803676,1.96E-05,6.81E-07,-1.4032094,ZNF135
1697,ILMN_1779015,1.97E-05,6.86E-07,2.3233331,PRELID3A
1700,ILMN_2090105,1.97E-05,6.88E-07,1.5003351,SLC43A2
1704,ILMN_1739792,1.98E-05,6.92E-07,1.2824464,RBBP8
1717,ILMN_2112599,2.02E-05,7.12E-07,-1.0832595,CKAP2
1722,ILMN_1671703,2.03E-05,7.17E-07,1.803778,SMC2
1743,ILMN_1673820,2.12E-05,7.56E-07,-1.4288848,PRPF4B
1758,ILMN_1719986,2.16E-05,7.78E-07,1.8119214,MAD2L1
1764,ILMN_1761314,2.19E-05,7.92E-07,1.7583626,PROS1
1769,ILMN_1774836,2.20E-05,7.98E-07,1.089101,GGCT
1780,ILMN_1747016,2.22E-05,8.11E-07,-1.1716698,GLIPR2
1788,ILMN_1690586,2.26E-05,8.27E-07,-1.1732151,NKTR
1791,ILMN_1812902,2.26E-05,8.31E-07,-1.2768738,HIST1H2BK
1794,ILMN_1784005,2.28E-05,8.37E-07,1.3269025,HNRNPA1
1797,ILMN_2199676,2.28E-05,8.41E-07,-1.0496686,AMHR2
1801,ILMN_1756326,2.29E-05,8.46E-07,-1.2193698,MYD88
1821,ILMN_2299612,2.38E-05,8.89E-07,1.1451741,SIPA1
1827,ILMN_2202948,2.40E-05,8.97E-07,-1.4708325,BCLAF1
1836,ILMN_1694177,2.42E-05,9.11E-07,-1.3271098,RFESD
1853,ILMN_2285568,2.51E-05,9.54E-07,1.1318909,ZYX
1863,ILMN_2214910,2.58E-05,9.84E-07,-1.2976714,CKS1B
1874,ILMN_1790534,2.61E-05,1.00E-06,1.1384486,DPPA4
1879,ILMN_1732071,2.62E-05,1.01E-06,2.2461341,SRPK1
1905,ILMN_1708709,2.73E-05,1.07E-06,-1.4426166,CDC20
1911,ILMN_1667199,2.76E-05,1.08E-06,1.3320839,SERPINB10
1917,ILMN_2411282,2.78E-05,1.09E-06,1.0691206,METAP2
1929,ILMN_1805519,2.83E-05,1.12E-06,-1.02826,KIF2C
1943,ILMN_1726153,2.90E-05,1.15E-06,-1.1869307,OIP5
1949,ILMN_1778543,2.91E-05,1.16E-06,-1.2619346,PAG1
1951,ILMN_2307903,2.94E-05,1.18E-06,-2.3950828,CCNA1
1964,ILMN_1714700,3.01E-05,1.21E-06,-1.5254323,ZNF33B
1971,ILMN_1725079,3.08E-05,1.24E-06,1.0006975,SLCO3A1
1985,ILMN_1688152,3.16E-05,1.29E-06,1.3455945,TKT
1998,ILMN_1661554,3.20E-05,1.31E-06,1.0539703,THOC1
1996,ILMN_1669657,3.19E-05,1.31E-06,-1.8354289,CTSZ
2002,ILMN_2255133,3.20E-05,1.31E-06,-1.9081073,TNFRSF10B
2004,ILMN_2324056,3.20E-05,1.32E-06,-1.1539793,CEP95
2010,ILMN_1655961,3.23E-05,1.33E-06,-1.2977712,CFP
2019,ILMN_2409642,3.25E-05,1.34E-06,-1.5580087,OSBPL1A
2021,ILMN_2337974,3.26E-05,1.35E-06,-1.7324804,CLEC2D
2034,ILMN_1711470,3.31E-05,1.38E-06,-1.397183,TFRC
2040,ILMN_1724863,3.34E-05,1.40E-06,1.3588121,TCTEX1D2
2061,ILMN_2398039,3.45E-05,1.46E-06,-1.0367649,IFI35
2062,ILMN_1799516,3.46E-05,1.46E-06,-1.2001266,LCN6
2064,ILMN_1776077,3.46E-05,1.47E-06,-1.8033664,FAM72B
2068,ILMN_1762972,3.47E-05,1.47E-06,-1.2775175,FAM213A
2078,ILMN_1775235,3.54E-05,1.51E-06,-1.6094449,DEDD2
2086,ILMN_1651767,3.55E-05,1.52E-06,1.015323,EFHD2
2088,ILMN_2348975,3.55E-05,1.52E-06,-1.3068056,C17orf53
2091,ILMN_1706779,3.56E-05,1.52E-06,-1.0547387,RAB29
2094,ILMN_1768117,3.56E-05,1.53E-06,-1.2156008,TUSC1
2097,ILMN_1791912,3.57E-05,1.54E-06,1.2455362,PNN
2105,ILMN_1763144,3.60E-05,1.55E-06,1.0293105,ALDH7A1
2110,ILMN_1712023,3.62E-05,1.56E-06,-1.2593518,PLAUR
2141,ILMN_1679995,3.76E-05,1.65E-06,-1.384263,C10orf54
2145,ILMN_1691111,3.78E-05,1.66E-06,1.1128412,ACTL6A
2155,ILMN_1784602,3.86E-05,1.71E-06,2.2845768,TCF3
2163,ILMN_1779324,3.89E-05,1.72E-06,1.695551,ARHGEF3
2164,ILMN_1777663,3.89E-05,1.72E-06,-1.3513438,ATP6V1B2
2173,ILMN_1689160,3.90E-05,1.73E-06,1.6259598,CD3D
2168,ILMN_1766658,3.89E-05,1.73E-06,-1.2133893,HCK
2180,ILMN_1732609,3.96E-05,1.77E-06,1.1222987,ITGAX
2182,ILMN_1703558,3.96E-05,1.77E-06,1.0136269,LGMN
2185,ILMN_2096747,3.96E-05,1.77E-06,-1.1345824,ARHGAP33
2190,ILMN_1773352,3.97E-05,1.78E-06,2.490293,GRB2
2198,ILMN_1657547,4.00E-05,1.80E-06,-1.7901923,C2CD5
2215,ILMN_1656868,4.09E-05,1.85E-06,-1.2422963,FES
2216,ILMN_1746515,4.09E-05,1.86E-06,-5.1073238,KLHL3
2237,ILMN_1807136,4.21E-05,1.93E-06,-1.0912016,SH3BGRL3
2241,ILMN_1763198,4.23E-05,1.94E-06,1.0141909,PHYKPL
2250,ILMN_1659364,4.31E-05,1.99E-06,-1.1203665,FKBP14
2251,ILMN_1684217,4.31E-05,1.99E-06,-1.5927689,KIF20A
2252,ILMN_2220283,4.31E-05,1.99E-06,-1.2222507,37316
2257,ILMN_1717935,4.38E-05,2.03E-06,-2.15503,IL2RB
2259,ILMN_1788701,4.40E-05,2.04E-06,-1.5100966,EVI2B
2282,ILMN_2391512,4.54E-05,2.12E-06,1.2427826,RNH1
2287,ILMN_2373266,4.57E-05,2.14E-06,-1.2195369,JUNB
2289,ILMN_1758728,4.61E-05,2.16E-06,-1.3753211,ERP29
2307,ILMN_2353732,4.70E-05,2.22E-06,1.7130485,DNAJB14
2314,ILMN_1726720,4.73E-05,2.24E-06,-1.971953,TRAF3IP3
2318,ILMN_1707493,4.74E-05,2.25E-06,1.1461651,BEX1
2340,ILMN_1676924,4.85E-05,2.33E-06,2.0695258,PRMT3
2345,ILMN_2182148,4.89E-05,2.35E-06,-1.6922394,WDR12
2347,ILMN_1699275,4.89E-05,2.35E-06,-1.044342,CCNA2
2353,ILMN_1786065,4.92E-05,2.37E-06,-2.7384552,PIM1
2371,ILMN_1810147,5.05E-05,2.45E-06,1.0468505,DENND6B
2369,ILMN_2330994,5.05E-05,2.45E-06,-1.3962939,KLF2
2385,ILMN_1657810,5.14E-05,2.51E-06,1.6125231,CTNNAL1
2395,ILMN_1728180,5.18E-05,2.55E-06,-1.294334,TMSB15B
2397,ILMN_1754045,5.18E-05,2.55E-06,-1.2864974,OCEL1
2401,ILMN_1655642,5.20E-05,2.56E-06,-1.0180763,NUCKS1
2406,ILMN_1682316,5.26E-05,2.60E-06,-1.3058206,GGH
2412,ILMN_1881526,5.30E-05,2.62E-06,-1.6726345,CHST7
2413,ILMN_1705442,5.31E-05,2.63E-06,1.1416256,GABARAPL1
2442,ILMN_1719286,5.46E-05,2.74E-06,1.4843376,HMGB1
2451,ILMN_1703015,5.54E-05,2.78E-06,-1.3420266,EMP3
2457,ILMN_1689665,5.56E-05,2.80E-06,-1.0097179,BEX3
2467,ILMN_1726368,5.64E-05,2.85E-06,-1.3076742,ALDH3B1
2469,ILMN_2377669,5.66E-05,2.86E-06,2.0502423,CDK4
2474,ILMN_2232157,5.67E-05,2.88E-06,-1.0237747,FRMD6
2481,ILMN_1787127,5.69E-05,2.89E-06,1.8159303,TOPBP1
2488,ILMN_2363621,5.76E-05,2.94E-06,-1.0584099,SLC4A7
2506,ILMN_2373728,5.90E-05,3.03E-06,-1.1272598,CEACAM6
2513,ILMN_2181060,5.98E-05,3.08E-06,-1.0077667,UAP1L1
2521,ILMN_1795856,6.04E-05,3.12E-06,-1.005722,PRIM1
2526,ILMN_2411190,6.10E-05,3.16E-06,-1.3657478,RASSF7
2527,ILMN_1736021,6.11E-05,3.16E-06,-1.3480126,HIST1H2BD
2531,ILMN_1777564,6.13E-05,3.18E-06,-1.6146075,TYMSOS
2541,ILMN_1671928,6.20E-05,3.23E-06,-1.0972065,GINS3
2544,ILMN_2401352,6.23E-05,3.25E-06,-1.1701568,PLOD1
2587,ILMN_2101526,6.62E-05,3.51E-06,-1.075383,ILF3
2592,ILMN_1652631,6.65E-05,3.53E-06,1.8048548,CDKN2D
2591,ILMN_1721621,6.65E-05,3.53E-06,-1.6254622,PUM3
2600,ILMN_1796179,6.72E-05,3.58E-06,1.3830514,CDH2
2604,ILMN_1663447,6.73E-05,3.59E-06,-1.1277808,MCM10
2607,ILMN_2344373,6.75E-05,3.61E-06,1.4887136,LFNG
2608,ILMN_1736412,6.75E-05,3.61E-06,-1.0777247,GPSM3
2610,ILMN_1738523,6.77E-05,3.62E-06,1.2133039,IL12RB1
2625,ILMN_1682930,6.94E-05,3.73E-06,1.1454242,DNASE2
2626,ILMN_1775192,6.96E-05,3.75E-06,-1.2425474,CENPM
2629,ILMN_1796490,6.97E-05,3.76E-06,1.4188978,GOLGA8B
2669,ILMN_1802162,7.41E-05,4.05E-06,-1.5073092,TPM2
2695,ILMN_2371169,7.56E-05,4.18E-06,1.3711484,GNG7
2700,ILMN_2041046,7.58E-05,4.20E-06,-1.1321337,CKAP5
2709,ILMN_2396991,7.66E-05,4.26E-06,1.5089857,DPY19L2
2720,ILMN_1768721,7.76E-05,4.33E-06,-2.5696004,SLC16A3
2721,ILMN_1798804,7.76E-05,4.33E-06,-1.0483386,TBXAS1
2730,ILMN_1663390,7.80E-05,4.36E-06,-2.1075929,MYO1F
2736,ILMN_2147424,7.85E-05,4.40E-06,-1.7441753,RRM2
2749,ILMN_2399140,7.98E-05,4.50E-06,1.1594348,CDC45
2754,ILMN_1670420,8.01E-05,4.52E-06,-1.0501298,CDCA8
2762,ILMN_1685916,8.11E-05,4.59E-06,-1.033361,ANKRD33
2778,ILMN_1884750,8.24E-05,4.69E-06,-1.1573194,ANKRD20A1
2782,ILMN_2196984,8.25E-05,4.70E-06,-1.5825776,PUS7
2794,ILMN_2055156,8.36E-05,4.79E-06,-1.3653709,ADGRG6
2796,ILMN_2157099,8.40E-05,4.82E-06,3.0481643,AHNAK
2803,ILMN_1742935,8.46E-05,4.86E-06,-1.0001412,DPP7
2813,ILMN_1659753,8.58E-05,4.95E-06,1.0028723,ITGAM
2815,ILMN_1706261,8.59E-05,4.95E-06,1.2068518,GBP2
2834,ILMN_1736597,8.78E-05,5.10E-06,1.0140896,TP53INP1
2837,ILMN_1802157,8.84E-05,5.14E-06,-1.0636385,REC8
2840,ILMN_1666269,8.87E-05,5.16E-06,1.8202458,FBXO6
2845,ILMN_1699265,8.91E-05,5.20E-06,1.1835871,TSEN2
2861,ILMN_2299072,9.03E-05,5.30E-06,-1.2756796,NMNAT3
2872,ILMN_1686135,9.09E-05,5.35E-06,-1.0202049,SNORD31
2885,ILMN_1658121,9.27E-05,5.48E-06,2.1463972,GNLY
2905,ILMN_2405602,9.49E-05,5.65E-06,-1.6321335,CD68
2916,ILMN_1748374,9.65E-05,5.77E-06,-1.7838999,FAM89B
2919,ILMN_1711702,9.68E-05,5.79E-06,-1.1083184,RRAS
2920,ILMN_1674243,9.68E-05,5.79E-06,-1.7438487,SLC2A3
2921,ILMN_1700955,9.71E-05,5.81E-06,-1.1311261,ARHGAP32
2929,ILMN_1745374,9.76E-05,5.86E-06,1.1525014,PACSIN1
2937,ILMN_2295518,9.92E-05,5.97E-06,-1.6107326,HADH
2954,ILMN_1792800,1.00E-04,6.08E-06,-1.2014326,ATP6V0D1
2957,ILMN_1701882,0.000101,6.12E-06,-1.2079121,MS4A3
2971,ILMN_1754538,0.000102,6.19E-06,-1.4062064,DEK
2996,ILMN_1768031,0.000104,6.41E-06,1.0184541,PLP2
3001,ILMN_1761463,0.000105,6.46E-06,1.1074349,FEN1
3015,ILMN_1776490,0.000107,6.61E-06,-1.2461974,KLRB1
3023,ILMN_1813685,0.000107,6.63E-06,1.4011485,SPI1
3064,ILMN_1707350,0.000111,6.98E-06,-1.0901272,PHIP
3081,ILMN_1721703,0.000113,7.14E-06,-1.3742828,ME3
3087,ILMN_1763461,0.000114,7.22E-06,-1.7020214,IL4R
3102,ILMN_1691508,0.000115,7.34E-06,1.2433123,ATAD2
3108,ILMN_2393765,0.000116,7.42E-06,-2.5894832,SDPR
3123,ILMN_2205963,0.000117,7.52E-06,2.5264444,MCM3
3132,ILMN_2374778,0.000118,7.59E-06,-1.1949254,SLAMF6
3141,ILMN_2328280,0.000119,7.68E-06,-1.2448396,MYO5C
3166,ILMN_1664434,0.000121,7.88E-06,-1.0698114,AHI1
3168,ILMN_1781010,0.000122,7.93E-06,1.1523733,CLCC1
3169,ILMN_1787705,0.000122,7.95E-06,1.1612363,CEBPB
3174,ILMN_2261416,0.000123,8.00E-06,2.3422289,UBTD1
3179,ILMN_2353633,0.000123,8.05E-06,1.1111817,TUBB
3199,ILMN_1791771,0.000125,8.23E-06,2.1862019,HIST1H1C
3217,ILMN_2254635,0.000127,8.37E-06,2.0243972,NCF4
3219,ILMN_1698019,0.000127,8.38E-06,-1.8118147,CFD
3239,ILMN_1678781,0.00013,8.60E-06,-1.1840371,TRA2A
3246,ILMN_1748797,0.00013,8.63E-06,1.1464805,STMN1
3243,ILMN_1682572,0.00013,8.63E-06,-1.170869,OGT
3252,ILMN_1693650,0.000131,8.71E-06,1.003867,CNN3
3261,ILMN_1770641,0.000132,8.83E-06,-1.1567674,SERTAD1
3272,ILMN_1737163,0.000134,9.01E-06,1.6419769,GZMK
3276,ILMN_1673529,0.000134,9.02E-06,1.0578798,HIST1H3D
3279,ILMN_1665243,0.000135,9.05E-06,-1.0145594,RRM1
3307,ILMN_2367165,0.000138,9.36E-06,1.1368576,TMEM173
3312,ILMN_1695658,0.000139,9.42E-06,-1.4330434,DSTYK
3322,ILMN_1703142,0.000141,9.57E-06,1.1956633,WARS
3323,ILMN_1684349,0.000141,9.58E-06,1.2130198,CD99
3326,ILMN_1763452,0.000142,9.65E-06,1.302993,GPX1
3328,ILMN_1687508,0.000142,9.67E-06,-1.548678,BCL3
3333,ILMN_2375599,0.000142,9.69E-06,1.3464377,PFAS
3347,ILMN_2086077,0.000144,9.89E-06,1.5982245,R3HDM4
3350,ILMN_2251184,0.000144,9.92E-06,1.3153219,ARMC7
3371,ILMN_2415898,0.000148,1.02E-05,-1.0383807,CD300A
3382,ILMN_1701875,0.000149,1.04E-05,1.0767829,DLEU1
3391,ILMN_1719256,0.000151,1.05E-05,-1.2664999,TIGAR
3402,ILMN_1780397,0.000152,1.06E-05,1.3735354,CMSS1
3405,ILMN_1702637,0.000153,1.07E-05,-1.3259065,PITPNM1
3420,ILMN_2234697,0.000155,1.09E-05,-3.2980628,SSB
3456,ILMN_1662964,0.00016,1.13E-05,-1.0846547,CDCA5
3471,ILMN_2045729,0.000162,1.16E-05,-1.0344437,SCARNA9
3479,ILMN_1786125,0.000165,1.17E-05,-1.4077956,HDC
3481,ILMN_1815023,0.000165,1.18E-05,1.7547107,NACC2
3496,ILMN_1659029,0.000168,1.20E-05,1.4554636,HBA2
3499,ILMN_1735930,0.000168,1.20E-05,1.4683435,SLC24A4
3503,ILMN_2136446,0.000168,1.21E-05,-1.2147942,ZNF544
3505,ILMN_1737283,0.000169,1.21E-05,-1.6816683,CYTH4
3522,ILMN_1757388,0.000171,1.23E-05,1.3012478,WDR33
3542,ILMN_1869109,0.000174,1.26E-05,-1.2020859,S100A10
3571,ILMN_1681754,0.000182,1.33E-05,-1.1225946,BIRC5
3577,ILMN_1732831,0.000183,1.34E-05,1.3067594,SERTAD3
3622,ILMN_2151281,0.00019,1.41E-05,1.6790738,GZMH
3624,ILMN_1692545,0.00019,1.41E-05,-1.1410869,IL3RA
3627,ILMN_2231242,0.00019,1.42E-05,-1.179394,TMEM71
3634,ILMN_1765446,0.000194,1.44E-05,1.3747277,TCEAL9
3645,ILMN_1770537,0.000195,1.45E-05,-1.2578519,TRPV2
3651,ILMN_1728662,0.000195,1.46E-05,1.3533626,LILRB3
3664,ILMN_1766539,0.000197,1.48E-05,1.2091393,IRF2BPL
3676,ILMN_1689001,2.00E-04,1.50E-05,-1.1004653,MAP3K6
3677,ILMN_1769282,2.00E-04,1.50E-05,-1.0564619,S100A11
3687,ILMN_1684929,0.000201,1.52E-05,-1.0846383,LXN
3690,ILMN_2200917,0.000201,1.52E-05,-1.0749603,MCOLN2
3695,ILMN_1712522,0.000202,1.53E-05,-2.3877691,HIST1H4A
3696,ILMN_1719998,0.000203,1.54E-05,-1.3909028,RACGAP1
3704,ILMN_2210129,0.000203,1.54E-05,-1.2286938,VMP1
3709,ILMN_1733110,0.000204,1.55E-05,1.079344,CLDN10
3715,ILMN_1758623,0.000204,1.56E-05,1.7889455,SNORA70
3714,ILMN_1796074,0.000204,1.56E-05,-1.2062075,TPM1
3716,ILMN_1754272,0.000204,1.56E-05,-1.0283094,MCM2
3728,ILMN_1684391,0.000206,1.57E-05,1.3351704,HNRNPDL
3723,ILMN_1669584,0.000205,1.57E-05,-1.4022111,TYMS
3759,ILMN_1829845,0.00021,1.62E-05,-1.6787105,FAM134B
3766,ILMN_1748883,0.000211,1.63E-05,1.47577,PDE4B
3772,ILMN_1665483,0.000212,1.64E-05,-1.0197848,SPRED1
3810,ILMN_1779228,0.000217,1.70E-05,-1.9349738,CD33
3852,ILMN_2413898,0.000226,1.79E-05,-1.6766005,CTSS
3875,ILMN_1663080,0.000229,1.82E-05,2.3574796,TOB1
3891,ILMN_1662799,0.000231,1.84E-05,1.1224782,NABP1
3897,ILMN_1815890,0.000232,1.85E-05,1.2872829,RNASE3
3955,ILMN_2325837,0.000242,1.96E-05,2.2263622,NUCB2
3956,ILMN_1796245,0.000242,1.96E-05,1.6864933,MCOLN1
3954,ILMN_2368721,0.000242,1.96E-05,-1.1101735,HERC5
3967,ILMN_2103547,0.000245,1.99E-05,-2.3526368,APOBR
3980,ILMN_1757604,0.000247,2.02E-05,-1.21378,PPP1R18
3999,ILMN_1728107,0.000249,2.04E-05,-1.2829754,HIST1H2AC
4013,ILMN_1748770,0.000252,2.07E-05,-1.1675002,FGR
4058,ILMN_1801853,0.000262,2.18E-05,-1.278539,SPOCK2
4071,ILMN_2364022,0.000264,2.20E-05,2.0934531,TP53I3
4074,ILMN_2282641,0.000265,2.21E-05,1.3486261,BEX2
4079,ILMN_1681239,0.000266,2.22E-05,1.5667963,TRIP13
4088,ILMN_1678669,0.000268,2.24E-05,-1.0996951,CARD19
4138,ILMN_1670238,0.000278,2.36E-05,-1.7939093,ZNF529
4150,ILMN_1709294,0.00028,2.38E-05,-1.1404932,AUTS2
4159,ILMN_1667748,0.000281,2.40E-05,1.8080281,MIDN
4170,ILMN_2215824,0.000284,2.43E-05,-1.1524332,CXCR4
4176,ILMN_1779353,0.000285,2.44E-05,-1.2579178,SLFN11
4183,ILMN_2367010,0.000286,2.45E-05,-1.0710816,OSCAR
4240,ILMN_1714567,0.000301,2.61E-05,1.3721304,SRSF1
4249,ILMN_1756723,0.000303,2.64E-05,1.012831,GSTT1
4261,ILMN_1685009,0.000305,2.67E-05,2.2559359,MEST
4274,ILMN_1774077,0.000308,2.70E-05,1.7415336,BCAS4
4281,ILMN_1714108,0.000309,2.71E-05,-1.6293666,FCN1
4285,ILMN_1710177,0.000309,2.72E-05,-1.1968059,TIMD4
4287,ILMN_1751886,0.00031,2.72E-05,-1.3629907,CTDSPL
4307,ILMN_1701455,0.000317,2.80E-05,1.2773773,ZMYM4
4311,ILMN_1731640,0.000318,2.81E-05,-1.3372827,TTF2
4329,ILMN_1746393,0.000323,2.87E-05,-1.1304743,TCN2
4340,ILMN_2153485,0.000325,2.89E-05,-1.4732263,CASP1
4352,ILMN_2072391,0.000328,2.92E-05,-1.0548736,YPEL3
4365,ILMN_2214197,0.000329,2.95E-05,-1.5296003,CD6
4380,ILMN_1753468,0.000334,3.00E-05,1.2398111,SH3BP4
4401,ILMN_1790692,0.000339,3.06E-05,2.2207388,BAG4
4420,ILMN_1714861,0.000344,3.12E-05,2.0160275,NRIP1
4423,ILMN_1804117,0.000344,3.12E-05,1.0287006,BOK
4437,ILMN_1780825,0.000348,3.17E-05,1.943232,CLEC1B
4450,ILMN_1775708,0.00035,3.19E-05,2.0729491,NKG7
4454,ILMN_1722726,0.000352,3.21E-05,-1.3831555,ZNF302
4460,ILMN_1813314,0.000354,3.24E-05,1.464098,MCM6
4462,ILMN_1751020,0.000355,3.24E-05,-1.1756426,SERPINA1
4469,ILMN_1719906,0.000357,3.27E-05,-1.0871787,EVI2A
4494,ILMN_1795826,0.000363,3.34E-05,1.1142605,METTL3
4504,ILMN_1751625,0.000367,3.39E-05,-3.0066078,PAICS
4575,ILMN_1708779,0.000384,3.60E-05,1.8384598,LITAF
4576,ILMN_1747630,0.000385,3.61E-05,-1.0917607,ZNF439
4583,ILMN_1770498,0.000385,3.62E-05,-1.0495416,FAAH
4591,ILMN_1738767,0.000387,3.64E-05,1.1331448,CD300LF
4590,ILMN_2160929,0.000387,3.64E-05,-1.3041609,SIK1
4596,ILMN_2079655,0.00039,3.67E-05,1.8023871,ITPRIPL2
4612,ILMN_1696463,0.000395,3.73E-05,1.3679795,PLEKHO2
4623,ILMN_1788689,4.00E-04,3.79E-05,-1.12386,MSH6
4633,ILMN_1793615,0.000402,3.82E-05,-1.1796989,ADARB1
4648,ILMN_1652185,0.000407,3.88E-05,1.0942891,LGALS3
4679,ILMN_2048700,0.000417,4.00E-05,-1.2367944,SLC22A18
4680,ILMN_1715991,0.000417,4.00E-05,-1.4090567,DYSF
4690,ILMN_1806818,0.00042,4.04E-05,-1.3382153,FABP5
4694,ILMN_2196078,0.000421,4.05E-05,1.7062274,HIST1H2BC
4696,ILMN_1808789,0.000421,4.05E-05,-2.0308721,NME4
4699,ILMN_1791006,0.000423,4.07E-05,-1.0129405,IL13RA1
4705,ILMN_1671933,0.000425,4.10E-05,-1.3198025,BST2
4718,ILMN_1693014,0.00043,4.16E-05,2.1400536,C3orf14
4724,ILMN_1770692,0.000431,4.18E-05,-1.0389318,HIST1H2AM
4737,ILMN_1794914,0.000434,4.21E-05,1.1632263,ATF4
4751,ILMN_1665583,0.000438,4.26E-05,-1.1695527,TARBP1
4756,ILMN_1757406,0.000438,4.27E-05,2.0601133,GPSM2
4766,ILMN_1873034,0.000443,4.33E-05,1.2288852,EPSTI1
4768,ILMN_2335704,0.000443,4.33E-05,1.0110906,NCAPD2
4782,ILMN_1777190,0.000446,4.37E-05,1.8689455,KCNE5
4789,ILMN_1731043,0.000449,4.41E-05,-1.0006386,SLC2A6
4798,ILMN_1680996,0.000452,4.44E-05,2.1776678,CCL8
4801,ILMN_1745593,0.000452,4.45E-05,-1.3237597,MCM4
4812,ILMN_2364828,0.000455,4.49E-05,-1.1212659,MCM7
4818,ILMN_1782439,0.000456,4.51E-05,-1.0958192,IRF8
4827,ILMN_1780671,0.000461,4.56E-05,1.3151004,BIRC3
4838,ILMN_1794017,0.000464,4.60E-05,1.2937854,SLC7A1
4843,ILMN_1710734,0.000465,4.62E-05,1.4630282,GINS2
4845,ILMN_2368718,0.000466,4.63E-05,-1.4143744,CA5B
4853,ILMN_1721127,0.00047,4.68E-05,1.2326901,RNFT2
4880,ILMN_1771593,0.000478,4.78E-05,-1.1962709,RPPH1
4905,ILMN_2145116,0.000485,4.87E-05,1.001072,DNAJC12
4921,ILMN_2100458,0.00049,4.94E-05,-1.3597151,ELF4
4966,ILMN_2352023,0.000499,5.08E-05,-1.1312057,LGALS1
5010,ILMN_1727271,0.000512,5.26E-05,1.1716438,FCER1A
5014,ILMN_2056032,0.000514,5.28E-05,1.4023832,ANXA2
5070,ILMN_1749662,0.00053,5.50E-05,1.0563004,BCL2
5110,ILMN_1710514,0.000542,5.68E-05,1.0721246,LOC606724
5117,ILMN_1755862,0.000547,5.73E-05,-1.1944791,RHOC
5124,ILMN_1749297,0.000548,5.76E-05,-1.2148968,TPGS2
5141,ILMN_1808202,0.000555,5.85E-05,1.0705775,SMC4
5156,ILMN_1797298,0.000561,5.93E-05,1.2085133,BRI3
5174,ILMN_1693552,0.00057,6.04E-05,1.6226018,IFITM2
5189,ILMN_2043918,0.000577,6.13E-05,-1.0267234,RBPMS2
5196,ILMN_1791792,0.000581,6.19E-05,1.034093,TBC1D2
5199,ILMN_2215545,0.000582,6.20E-05,-1.0950894,NOC3L
5201,ILMN_1653220,0.000582,6.21E-05,1.26875,FGFBP2
5206,ILMN_1672006,0.000582,6.21E-05,-1.0573989,SHD
5270,ILMN_1683450,0.000607,6.55E-05,-1.5119244,ADGRE1
5277,ILMN_1805064,0.000608,6.57E-05,-1.2817038,HTATIP2
5291,ILMN_1792323,0.000614,6.66E-05,-3.2404508,FCGR1B
5318,ILMN_1809522,0.000626,6.82E-05,1.5445197,HIST1H4E
5333,ILMN_2127842,0.000634,6.93E-05,2.9331957,TMEM154
5341,ILMN_2370091,0.000641,7.01E-05,-2.6952566,ABLIM1
5348,ILMN_1675391,0.000644,7.06E-05,1.0309243,LMNA
5372,ILMN_1797903,0.000651,7.17E-05,-1.413835,F12
5439,ILMN_1792495,0.000687,7.66E-05,1.2887497,EHD4
5441,ILMN_1660364,0.000687,7.66E-05,1.6437059,ANXA2P1
5469,ILMN_1745852,0.000697,7.81E-05,-1.0263135,CEBPA
5477,ILMN_1729208,0.000698,7.84E-05,-1.4690846,ITGB7
5482,ILMN_2046730,0.000699,7.86E-05,2.1322836,IER5
5490,ILMN_1768482,0.000701,7.89E-05,1.3211048,LY6E
5498,ILMN_2349459,0.000706,7.95E-05,-1.2770616,PTK2
5506,ILMN_1801934,0.000707,7.98E-05,1.0635086,CA1
5528,ILMN_1721901,0.000714,8.09E-05,-1.3174515,STXBP2
5535,ILMN_1716382,0.000717,8.13E-05,-1.4690671,TFDP1
5549,ILMN_1731233,0.000723,8.22E-05,1.713674,BCAT1
5551,ILMN_1789196,0.000723,8.23E-05,-1.3953709,CX3CR1
5556,ILMN_1747344,0.000726,8.27E-05,1.048181,ZDHHC1
5559,ILMN_1674402,0.000728,8.29E-05,1.2556294,ARSD
5563,ILMN_2302118,0.000729,8.32E-05,-1.8455974,ITGB2
5570,ILMN_1679838,0.000731,8.35E-05,-2.2099001,TMEM97
5592,ILMN_2049536,0.000743,8.52E-05,1.1533116,NR1H3
5593,ILMN_1784884,0.000743,8.52E-05,3.1871073,DCANP1
5630,ILMN_1804396,0.000764,8.82E-05,1.0480945,CSF2RA
5706,ILMN_1694539,8.00E-04,9.35E-05,1.0251729,HES4
5714,ILMN_2332964,0.000808,9.46E-05,-1.4339349,H2AFJ
5718,ILMN_1750101,0.000809,9.48E-05,1.8981019,GRN
5725,ILMN_1723962,0.000812,9.52E-05,-1.2597718,HSPD1
5733,ILMN_1844464,0.000812,9.55E-05,1.5993643,ABL1
5748,ILMN_1660462,0.000822,9.69E-05,-1.4452632,DNAJA4
5757,ILMN_1776125,0.000826,9.75E-05,1.4324553,SIGLEC10
5762,ILMN_1723111,0.000829,9.80E-05,1.471883,RGS1
5777,ILMN_2077550,0.000835,9.89E-05,-1.0503315,SCD
5791,ILMN_1668814,0.000843,1.00E-04,-1.0464164,ELANE
5810,ILMN_1692754,0.000848,0.000101,1.0622636,PLD3
5807,ILMN_1721818,0.000848,0.000101,-1.8802104,LILRA5
5816,ILMN_1730773,0.000849,0.000101,-1.0642703,CD300C
5838,ILMN_2360710,0.000858,0.000103,-1.4378526,CTSB
5864,ILMN_1681503,0.000877,0.000105,-1.3780298,C1QTNF4
5866,ILMN_1653432,0.000877,0.000105,-1.0798407,TSPAN9
5879,ILMN_1806040,0.000883,0.000106,-1.550482,SIRPA
5887,ILMN_2387952,0.000888,0.000107,-1.6403605,RAVER2
5907,ILMN_2340259,0.000896,0.000109,-1.426149,PNMA3
5916,ILMN_1804277,0.000901,0.000109,-1.2190122,MIS18BP1
5941,ILMN_2337655,0.000911,0.000111,1.0639139,FAM101B
5956,ILMN_1747622,0.000916,0.000112,1.376203,ITPR3
5960,ILMN_1743032,0.000918,0.000112,1.7060242,GPR162
5957,ILMN_1757278,0.000917,0.000112,-1.0074583,PRKCD
6081,ILMN_1672004,0.000975,0.000122,1.2443146,ARMCX1
6094,ILMN_1785852,0.000987,0.000123,1.3554874,CD79A
6110,ILMN_1796712,0.000994,0.000124,2.2164738,RPP40
6148,ILMN_2392043,0.00101,0.000128,1.1252836,BIVM
6160,ILMN_2113126,0.00102,0.000129,-2.6121413,AIF1
6166,ILMN_1655913,0.00102,0.000129,-1.2879557,ITGAL
6180,ILMN_1694502,0.00104,0.000131,-1.0614699,UGT3A2
6205,ILMN_1764383,0.00106,0.000135,1.0141583,MX2
6231,ILMN_1729749,0.00107,0.000137,-1.4076504,GLIPR1
6279,ILMN_1697925,0.00111,0.000143,1.1323109,SLF2
6305,ILMN_1732967,0.00112,0.000145,1.0959808,SLC40A1
6335,ILMN_1792689,0.00114,0.000148,1.5630129,TMEM51
6350,ILMN_2368318,0.00115,0.000149,2.4994907,ZMAT3
6400,ILMN_1656287,0.00118,0.000154,1.3277139,POC1A
6409,ILMN_2358919,0.00118,0.000155,1.1094192,TYMP
6410,ILMN_1704014,0.00118,0.000155,1.0277758,E2F2
6407,ILMN_2181892,0.00118,0.000155,-2.183127,AOAH
6428,ILMN_1796589,0.0012,0.000158,-1.0518003,OLIG1
6445,ILMN_1659189,0.00121,0.00016,1.364207,DTWD2
6442,ILMN_1660193,0.00121,0.00016,-1.1059181,FCGR2A
6448,ILMN_1749081,0.00121,0.00016,-1.2839935,PYCARD
6462,ILMN_1746408,0.00122,0.000162,1.1674206,LST1
6461,ILMN_1801584,0.00122,0.000162,-1.5555286,CST7
6464,ILMN_2162860,0.00122,0.000162,-1.1526705,CTSD
6485,ILMN_1741917,0.00124,0.000165,1.7967179,PHGDH
6491,ILMN_1795341,0.00124,0.000165,-1.084559,SCRN1
6508,ILMN_1675156,0.00125,0.000167,1.105565,CD79B
6528,ILMN_1780861,0.00126,0.000169,1.4279708,KEL
6530,ILMN_1730054,0.00126,0.000169,-1.4902729,CD151
6535,ILMN_1669479,0.00126,0.000169,-1.5394685,UNG
6540,ILMN_1697639,0.00127,0.00017,-1.1052316,CYFIP2
6559,ILMN_2325506,0.00128,0.000173,-1.1541877,CPED1
6593,ILMN_1668063,0.00131,0.000177,3.2666914,IFI30
6613,ILMN_2412384,0.00133,0.000181,-1.2615323,KLF10
6615,ILMN_1750678,0.00133,0.000181,-1.3171251,FCGR1A
6634,ILMN_1740512,0.00135,0.000183,-1.5546275,GP9
6639,ILMN_2392189,0.00135,0.000183,-1.6276046,SLC30A1
6648,ILMN_1688404,0.00135,0.000184,-1.059592,LILRA3
6662,ILMN_1810228,0.00136,0.000186,-1.0928127,CRIP2
6682,ILMN_1740572,0.00138,0.000189,1.4382875,TNFRSF1B
6707,ILMN_2326512,0.00139,0.000192,1.4698647,MSRB1
6733,ILMN_1791147,0.00142,0.000196,1.0452209,MPO
6745,ILMN_2367418,0.00142,0.000197,1.825615,NLRP3
6787,ILMN_1746565,0.00145,0.000202,1.2611515,CRYGD
6785,ILMN_1785330,0.00145,0.000202,-1.4611872,ZNF827
6793,ILMN_2221014,0.00146,0.000203,1.0348178,CTSG
6807,ILMN_1718629,0.00147,0.000205,-1.6246237,NCF2
6821,ILMN_1668629,0.00148,0.000207,1.2190224,C15orf39
6823,ILMN_1730032,0.00148,0.000207,1.0488565,FOXP1-IT1
6850,ILMN_1745103,0.00149,0.00021,-1.1517605,GADD45B
6863,ILMN_1682993,0.0015,0.000211,1.4017678,SLC18B1
6866,ILMN_2307450,0.0015,0.000211,-1.0833547,TSPAN13
6879,ILMN_1798654,0.00151,0.000213,-1.4683635,HIST1H2BG
6943,ILMN_1651496,0.00155,0.00022,1.3598653,IFITM1
6960,ILMN_2338452,0.00156,0.000222,3.0225544,MAP7
6964,ILMN_1733579,0.00156,0.000223,1.3199163,CCR7
6991,ILMN_1655635,0.00158,0.000226,-1.0505305,CDKN2C
6992,ILMN_1773760,0.00158,0.000226,-1.2752017,ARHGAP27
6998,ILMN_1713934,0.00158,0.000227,1.081163,LAPTM4B
7011,ILMN_1792972,0.00159,0.000229,-1.0155977,HOMER3
7061,ILMN_1810915,0.00164,0.000237,-1.1733791,MECOM
7134,ILMN_2112357,0.0017,0.000249,1.4083153,CDCA7
7137,ILMN_1717639,0.0017,0.000249,-1.1784197,HLX
7147,ILMN_1751034,0.00171,0.000251,1.1866219,MAMDC2
7179,ILMN_1689968,0.00174,0.000255,1.2223463,XK
7199,ILMN_1729051,0.00175,0.000258,-1.0526727,SLC15A3
7220,ILMN_1679797,0.00176,0.000261,-1.1049271,PLEC
7254,ILMN_1803788,0.0018,0.000267,1.9741124,FOSB
7263,ILMN_2404154,0.0018,0.000268,2.7884667,RHBDF2
7276,ILMN_2326509,0.00181,0.000271,1.3553758,VCAN
7286,ILMN_1657796,0.00182,0.000272,-1.4421894,HMGA1
7302,ILMN_2382505,0.00184,0.000275,1.0228554,MAL
7325,ILMN_1810420,0.00186,0.000279,1.829643,FAM89A
7337,ILMN_2146761,0.00188,0.000283,-1.3443124,C3AR1
7351,ILMN_1680937,0.0019,0.000286,1.0193157,CD14
7355,ILMN_1800634,0.0019,0.000286,-1.0497966,GSTM2
7368,ILMN_2193233,0.00191,0.000288,-1.7802462,GPBAR1
7380,ILMN_1768505,0.00192,0.00029,1.6292035,PFKFB4
7404,ILMN_1723480,0.00196,0.000297,1.3533316,PILRA
7407,ILMN_1703692,0.00196,0.000298,-1.0916603,GSTM1
7413,ILMN_2224486,0.00196,0.000299,-1.4509556,CD7
7438,ILMN_1756022,0.00199,0.000304,1.5622286,NCOA7
7440,ILMN_1783394,0.002,0.000304,-1.0514439,S100A9
7501,ILMN_1803036,0.00206,0.000317,-1.0616019,SLC11A1
7518,ILMN_2139816,0.00207,0.000319,-1.177424,TRIP6
7523,ILMN_2388547,0.00209,0.000322,-1.6057019,NLRP12
7552,ILMN_1775008,0.00212,0.000329,-1.0105914,ANPEP
7587,ILMN_1711650,0.00216,0.000336,-2.1669258,IER3
7592,ILMN_1778321,0.00217,0.000337,1.5921208,PDLIM7
7598,ILMN_1772964,0.00218,0.000339,-1.0054775,PROM1
7599,ILMN_2412860,0.00218,0.000339,-1.0109819,CPA3
7603,ILMN_1663195,0.00218,0.000339,-1.3021361,KCNA5
7628,ILMN_1666594,0.0022,0.000344,-2.2348934,NDN
7633,ILMN_1776181,0.00221,0.000345,1.0329958,VNN2
7663,ILMN_1683859,0.00223,0.00035,-1.0580331,RHAG
7675,ILMN_1809590,0.00224,0.000352,-1.2963173,GPAT3
7691,ILMN_1672807,0.00225,0.000355,1.0975347,NFIL3
7692,ILMN_1738093,0.00226,0.000356,-1.2785394,COBLL1
7718,ILMN_1795158,0.00229,0.000362,2.1074417,NCF1C
7728,ILMN_1704056,0.00229,0.000363,2.0371396,SDSL
7733,ILMN_1803073,0.00229,0.000364,-1.3561762,CTSH
7742,ILMN_2390310,0.0023,0.000366,1.6907812,FOXC1
7767,ILMN_1652082,0.00234,0.000372,1.0567226,TNFRSF4
7776,ILMN_1723978,0.00234,0.000374,1.5115782,HAVCR2
7791,ILMN_1688423,0.00236,0.000377,-2.5766992,AHSP
7858,ILMN_2409167,0.00242,0.00039,1.580767,38596
7860,ILMN_1755937,0.00243,0.000391,1.1384037,FOLR3
7873,ILMN_1801119,0.00244,0.000394,-1.2729127,HIST1H4B
7886,ILMN_2125747,0.00245,0.000396,1.1313271,AKR1C4
7894,ILMN_2313730,0.00246,0.000398,1.4961326,MYOF
7934,ILMN_1737205,0.00249,0.000405,-1.3666353,STAB1
7939,ILMN_1671693,0.00249,0.000405,-1.0646095,CRHBP
7948,ILMN_2330861,0.0025,0.000407,-1.2003116,AQP9
8008,ILMN_2230162,0.00254,0.000417,-1.0674773,ARHGEF10
8031,ILMN_1671992,0.00256,0.000421,-1.0525263,HSPA6
8062,ILMN_1787412,0.00259,0.000428,1.0466098,NINJ1
8068,ILMN_1781580,0.00259,0.000429,1.2088092,NRIP3
8079,ILMN_1673352,0.0026,0.000431,1.2415333,FPR1
8119,ILMN_1808238,0.00265,0.000442,-2.2287846,HBQ1
8162,ILMN_1716687,0.00273,0.000456,-1.0827949,NET1
8184,ILMN_1769876,0.00275,0.00046,1.243016,MCEMP1
8189,ILMN_1752899,0.00275,0.000462,-1.9373431,MYB
8195,ILMN_2187727,0.00276,0.000463,-1.0885908,PTPN14
8199,ILMN_1761945,0.00276,0.000464,1.1820841,PLA2G16
8274,ILMN_1789166,0.00284,0.000481,-1.0160841,KIAA1147
8313,ILMN_1780601,0.00287,0.000489,1.2093506,HSPA1B
8314,ILMN_1664303,0.00287,0.000489,1.0673994,HK3
8318,ILMN_2261600,0.00287,0.00049,1.8847549,RNASE2
8328,ILMN_1681542,0.00289,0.000493,1.1393851,HBM
8334,ILMN_2088124,0.0029,0.000495,1.0339249,SCIMP
8339,ILMN_2396672,0.0029,0.000496,-1.129813,FLVCR2
8363,ILMN_1696749,0.00293,0.000503,1.5829686,NOD2
8389,ILMN_1671766,0.00298,0.000512,1.1787238,CKAP4
8401,ILMN_1695530,0.00299,0.000514,-2.8211319,ID2
8405,ILMN_2392546,0.00299,0.000516,-1.2177934,FCER1G
8424,ILMN_1720083,0.00301,0.00052,1.1698252,CACNA2D4
8433,ILMN_1698100,0.00302,0.000522,1.4147259,ZSCAN18
8454,ILMN_1715715,0.00305,0.000528,1.3266962,SOCS2
8489,ILMN_1673305,0.0031,0.000539,1.2519666,CYP27A1
8491,ILMN_1777519,0.0031,0.00054,1.6163637,MAFB
8514,ILMN_1721833,0.00314,0.000548,1.1973612,ATP1B1
8583,ILMN_1695404,0.00325,0.000572,1.2732664,LRG1
8585,ILMN_1714364,0.00326,0.000573,-1.5296144,IL1RN
8588,ILMN_1652431,0.00326,0.000574,-2.3425358,JCHAIN
8608,ILMN_2159453,0.00328,0.000578,1.0468764,S100A12
8643,ILMN_2117987,0.00331,0.000587,-1.0082579,SLITRK4
8652,ILMN_2391051,0.00332,0.000589,1.6962313,
8712,ILMN_1766169,0.00338,0.000604,-1.6773703,
8726,ILMN_1819384,0.00339,0.000607,1.3056491,
8740,ILMN_2088437,0.00341,0.000611,2.1915862,
8754,ILMN_2094313,0.00342,0.000613,1.0019619,
8767,ILMN_1684873,0.00344,0.000617,1.1242723,
8801,ILMN_2175912,0.00349,0.000629,1.1313527,
8806,ILMN_1710962,0.00349,0.000631,-1.3219032,
8856,ILMN_1814022,0.00355,0.000645,1.1036474,
8879,ILMN_1701911,0.0036,0.000656,-1.1386718,
8888,ILMN_1697377,0.00361,0.000658,-1.3468857,
8906,ILMN_2374340,0.00364,0.000664,1.389519,
8977,ILMN_2376455,0.00375,0.000689,1.3886537,
8987,ILMN_1653466,0.00376,0.000692,1.3214043,
9019,ILMN_1708728,0.00381,0.000705,1.3317645,
9048,ILMN_1811702,0.00385,0.000714,1.3870468,
9052,ILMN_1766713,0.00387,0.000717,-1.0346255,
9062,ILMN_1695034,0.00389,0.000722,-1.0617356,
9068,ILMN_1708922,0.00389,0.000724,1.0405737,
9114,ILMN_1776998,0.00396,0.00074,-1.3292311,
9154,ILMN_1655549,0.00405,0.000761,1.4936159,
9159,ILMN_1656011,0.00406,0.000763,-1.6026937,
9192,ILMN_2269256,0.00412,0.000777,-1.1504721,
9194,ILMN_1689329,0.00413,0.000777,-1.1286624,
9207,ILMN_1706635,0.00416,0.000785,-3.0262197,
9298,ILMN_1666976,0.00432,0.000823,1.2585572,
9336,ILMN_2266595,0.0044,0.000841,2.8246483,
9364,ILMN_1701906,0.00444,0.000852,1.6870057,
9419,ILMN_1696360,0.00452,0.000873,1.1422669,
9428,ILMN_2195462,0.00453,0.000876,-1.406874,
9454,ILMN_1729453,0.00458,0.000888,-1.1640025,
9463,ILMN_1767766,0.00459,0.000891,-1.6933431,
9500,ILMN_1758146,0.00465,0.000906,1.2748092,
9523,ILMN_1804737,0.00469,0.000915,-1.0749547,
9529,ILMN_1783805,0.0047,0.000918,-1.0517133,
9539,ILMN_1666208,0.00471,0.000921,-1.1003007,
9558,ILMN_1714418,0.00474,0.000929,1.100348,
9628,ILMN_1815500,0.00487,0.000962,-1.2566412,
9645,ILMN_1707491,0.00491,0.000971,-2.0972102,
9735,ILMN_1730816,0.0051,0.00102,1.5066266,
9739,ILMN_1801105,0.0051,0.00102,1.0524975,
9758,ILMN_1788192,0.00514,0.00103,-1.0995683,
9769,ILMN_1734878,0.00518,0.00104,-1.4352381,
9776,ILMN_1810423,0.0052,0.00104,-1.0933659,
9801,ILMN_2214098,0.00524,0.00105,-1.2520525,
9823,ILMN_1703538,0.00528,0.00106,1.8461895,
9848,ILMN_1749591,0.00532,0.00107,1.2363454,
9869,ILMN_1655565,0.00535,0.00108,-1.0686015,
9894,ILMN_2231928,0.0054,0.0011,1.1305777,
9923,ILMN_1769245,0.00545,0.00111,1.2572281,
9924,ILMN_2382829,0.00545,0.00111,-1.5669289,
9926,ILMN_1710207,0.00546,0.00111,-1.0121107,
9966,ILMN_1737394,0.00554,0.00113,1.4493615,
10020,ILMN_2053103,0.00567,0.00116,-1.9652165,
10023,ILMN_1674985,0.00568,0.00117,1.5231155,
10025,ILMN_1865764,0.00568,0.00117,1.0255708,
10027,ILMN_1780667,0.00568,0.00117,-1.0322841,
10082,ILMN_2109708,0.00579,0.0012,1.8618067,
10081,ILMN_1777233,0.00579,0.0012,-1.3684677,
10085,ILMN_2212909,0.0058,0.0012,-1.168406,
10111,ILMN_2349658,0.00584,0.00121,1.0487073,
10169,ILMN_1709820,0.00598,0.00125,1.2913009,
10221,ILMN_1791375,0.00611,0.00128,-1.1790379,
10247,ILMN_1666089,0.00616,0.00129,1.3278435,
10243,ILMN_2054554,0.00614,0.00129,-1.0153707,
10259,ILMN_1666932,0.00618,0.0013,1.7727208,
10262,ILMN_1698766,0.00618,0.0013,1.0527508,
10265,ILMN_2345353,0.00618,0.0013,1.5957128,
10268,ILMN_1679826,0.00619,0.0013,-1.3726913,
10288,ILMN_1674038,0.00623,0.00131,1.4675968,
10279,ILMN_1704537,0.00622,0.00131,-1.8729109,
10296,ILMN_1756439,0.00625,0.00132,-1.8094466,
10333,ILMN_1785439,0.00633,0.00134,-1.2798805,
10343,ILMN_1738468,0.00635,0.00135,-1.07166,
10396,ILMN_2326713,0.00645,0.00137,1.3674649,
10387,ILMN_1683120,0.00643,0.00137,-1.1767506,
10484,ILMN_2354478,0.00665,0.00143,-1.0983071,
10522,ILMN_2366212,0.00674,0.00145,-1.4251936,
10564,ILMN_1677038,0.00682,0.00148,-1.2436456,
10585,ILMN_2311020,0.00686,0.00149,-1.1379163,
10593,ILMN_1805826,0.00689,0.0015,-1.2134278,
10624,ILMN_1807277,0.00694,0.00151,2.2493144,
10646,ILMN_1688775,0.00701,0.00153,1.1096992,
10684,ILMN_1654396,0.0071,0.00155,1.1171501,
10727,ILMN_2411897,0.00721,0.00158,1.0689085,
10785,ILMN_1915076,0.00734,0.00162,-1.3421608,
10798,ILMN_2176063,0.00736,0.00163,1.4474644,
10804,ILMN_1743290,0.00737,0.00163,-1.7658639,
10813,ILMN_1745021,0.00742,0.00164,1.24901,
10818,ILMN_1661631,0.00743,0.00165,2.5568902,
10833,ILMN_1694432,0.00746,0.00166,1.2480421,
10861,ILMN_1764788,0.00755,0.00168,1.4218587,
10863,ILMN_1719661,0.00756,0.00168,1.3115737,
10882,ILMN_1705183,0.00759,0.00169,-2.1502923,
10903,ILMN_2310896,0.00764,0.00171,1.2561222,
11004,ILMN_1712026,0.00794,0.00179,1.2282871,
11021,ILMN_2100574,0.00798,0.0018,-1.1387619,
11026,ILMN_1727574,0.00799,0.00181,-1.070642,
11085,ILMN_1680424,0.00814,0.00185,-2.7703212,
11126,ILMN_1796642,0.00826,0.00188,1.2104502,
11182,ILMN_1810275,0.0084,0.00193,2.4572153,
11197,ILMN_1688373,0.00845,0.00194,1.5465395,
11239,ILMN_1793729,0.00857,0.00197,1.0229598,
11257,ILMN_1880280,0.00863,0.00199,-1.0489014,
11314,ILMN_1718977,0.00878,0.00204,1.3491714,
11324,ILMN_1669831,0.00879,0.00204,-1.1462608,
11339,ILMN_2130525,0.00884,0.00205,-1.2430395,
11389,ILMN_1716195,0.009,0.0021,1.5117234,
11402,ILMN_1801246,0.00904,0.00211,1.633205,
11397,ILMN_2216815,0.00902,0.00211,-1.2978877,
11424,ILMN_1715131,0.0091,0.00213,1.0500646,
11437,ILMN_2224143,0.00914,0.00214,-1.1345621,
11499,ILMN_1667796,0.0093,0.00219,2.1450413,
11575,ILMN_2289849,0.00957,0.00227,1.3039983,
11581,ILMN_1656415,0.0096,0.00228,1.5772001,
11593,ILMN_1656361,0.00963,0.00229,1.4099201,
11596,ILMN_1680196,0.00963,0.00229,-1.8017494,
11637,ILMN_2267914,0.00974,0.00232,1.2739682,
11644,ILMN_1811579,0.00976,0.00233,1.4696756,
11706,ILMN_1803367,0.00991,0.00238,-1.5656186,
11760,ILMN_1669881,0.0101,0.00243,-1.5333937,
11808,ILMN_1737184,0.0102,0.00248,-2.0729034,
11857,ILMN_2087646,0.0104,0.00252,1.0137837,
11866,ILMN_1679391,0.0104,0.00253,2.2842555,
11940,ILMN_2329429,0.0107,0.00261,1.1480358,
11991,ILMN_1710075,0.0109,0.00267,-1.1000216,
12100,ILMN_2374904,0.0113,0.00279,-1.080577,
12159,ILMN_1759117,0.0114,0.00285,-1.1647905,
12194,ILMN_2085862,0.0116,0.00289,1.8893111,
12338,ILMN_1744268,0.0119,0.00301,1.0075298,
12409,ILMN_1751607,0.0121,0.00309,-1.6132386,
12430,ILMN_1860003,0.0122,0.00312,-1.3186273,
12530,ILMN_2373062,0.0125,0.00322,1.0099977,
12616,ILMN_1687301,0.0128,0.00331,2.3171447,
12661,ILMN_1661196,0.013,0.00339,1.1787882,
12712,ILMN_1752520,0.0133,0.00347,-1.2187847,
12748,ILMN_2311537,0.0134,0.0035,-1.1628441,
12789,ILMN_2327860,0.0135,0.00355,1.1590046,
12829,ILMN_2285817,0.0137,0.0036,-1.0603025,
12869,ILMN_1787529,0.0138,0.00365,1.22286,
12876,ILMN_1740015,0.0139,0.00367,2.5654149,
12877,ILMN_2201580,0.0139,0.00367,-1.3160566,
12898,ILMN_2316386,0.014,0.00369,1.5164562,
12929,ILMN_1653292,0.0141,0.00374,1.063197,
12969,ILMN_2067852,0.0143,0.00379,1.0845936,
12978,ILMN_1785424,0.0143,0.00381,-1.2507023,
13009,ILMN_2362858,0.0144,0.00385,1.4622178,
13023,ILMN_2391861,0.0145,0.00387,-1.1551641,
13029,ILMN_1724250,0.0145,0.00388,1.3055654,
13152,ILMN_1792538,0.015,0.00404,1.4157031,
13174,ILMN_1687768,0.0151,0.00407,-1.1485476,
13206,ILMN_1750974,0.0152,0.00411,2.3028537,
13211,ILMN_1741165,0.0152,0.00412,1.9798627,
13228,ILMN_1713990,0.0153,0.00414,-1.0911814,
13275,ILMN_1716105,0.0155,0.00421,1.3525235,
13281,ILMN_1763837,0.0155,0.00422,1.1820987,
13329,ILMN_1682717,0.0157,0.00428,1.5730094,
13424,ILMN_1690125,0.0161,0.00443,1.1122496,
13431,ILMN_1690939,0.0161,0.00444,1.2141505,
13513,ILMN_1786720,0.0165,0.00457,-2.4071346,
13538,ILMN_1766551,0.0166,0.0046,-2.1545066,
13561,ILMN_1790508,0.0167,0.00464,-1.0448667,
13578,ILMN_2317580,0.0167,0.00466,-1.3666482,
13633,ILMN_1692058,0.017,0.00474,-1.8883052,
13663,ILMN_1678939,0.0171,0.0048,1.6210004,
13675,ILMN_1811410,0.0172,0.00482,-1.3258477,
13709,ILMN_1794875,0.0173,0.00487,1.262699,
13726,ILMN_1768139,0.0174,0.00489,1.229757,
13757,ILMN_1707312,0.0175,0.00494,1.1585334,
13865,ILMN_1761260,0.018,0.0051,-1.108805,
13883,ILMN_2112988,0.018,0.00513,1.6766627,
13916,ILMN_1750674,0.0182,0.00519,1.2011027,
13959,ILMN_1765701,0.0184,0.00527,-1.003984,
14014,ILMN_2101832,0.0188,0.00539,-1.5725334,
14027,ILMN_2390853,0.0188,0.00541,1.7492033,
14097,ILMN_1738401,0.0192,0.00554,2.7810497,
14151,ILMN_2112256,0.0194,0.00563,1.528844,
14178,ILMN_1693826,0.0195,0.00568,1.2079228,
14176,ILMN_1696512,0.0195,0.00568,-2.2343079,
14213,ILMN_2041101,0.0198,0.00575,1.0962376,
14283,ILMN_1789627,0.0201,0.00589,-1.929252,
14312,ILMN_1718936,0.0204,0.00597,1.4261794,
14324,ILMN_1730454,0.0204,0.00599,1.4309362,
14384,ILMN_1711899,0.0208,0.00612,1.1995345,
14386,ILMN_2165369,0.0208,0.00612,1.0033312,
14429,ILMN_1687757,0.021,0.00622,-1.2147263,
14470,ILMN_1810289,0.0212,0.00629,1.2559639,
14487,ILMN_1655987,0.0213,0.00632,1.3911562,
14485,ILMN_1761312,0.0213,0.00632,-1.2616801,
14561,ILMN_1715068,0.0217,0.00648,1.9035551,
14578,ILMN_2132809,0.0218,0.00651,-1.2031297,
14596,ILMN_1806165,0.0219,0.00654,1.4315433,
14635,ILMN_1815086,0.0221,0.00662,1.3033305,
14659,ILMN_1759563,0.0222,0.00667,1.1062913,
14710,ILMN_2092118,0.0225,0.00677,1.9887507,
14754,ILMN_2396444,0.0227,0.00686,2.5909219,
14766,ILMN_1696183,0.0228,0.00689,-1.4203833,
14784,ILMN_1758311,0.0228,0.00692,-1.0670846,
14811,ILMN_1762713,0.023,0.00697,1.9699358,
14829,ILMN_1711894,0.0231,0.00702,-1.1852209,
14855,ILMN_1917341,0.0232,0.00707,1.2388845,
14890,ILMN_1729915,0.0235,0.00717,1.0009529,
14930,ILMN_1667711,0.0237,0.00726,1.1626417,
14934,ILMN_2355033,0.0237,0.00727,-1.1102577,
15016,ILMN_1808122,0.0243,0.00749,-1.7253678,
15088,ILMN_1660436,0.0247,0.00763,1.6428256,
15090,ILMN_1670302,0.0247,0.00764,1.8231747,
15113,ILMN_1730628,0.0249,0.0077,-1.6494638,
15174,ILMN_2091454,0.0252,0.00782,1.3437745,
15185,ILMN_2241953,0.0252,0.00785,1.2501606,
15280,ILMN_1682761,0.0259,0.00811,1.0847439,
15287,ILMN_2204876,0.0259,0.00813,1.2786224,
15327,ILMN_1762594,0.0262,0.00823,1.148367,
15343,ILMN_1790891,0.0263,0.00826,1.2072468,
15416,ILMN_1793990,0.0267,0.00845,1.2762527,
15417,ILMN_2123743,0.0268,0.00845,1.5662666,
15432,ILMN_1696317,0.0268,0.00847,1.0671294,
15443,ILMN_2317581,0.0269,0.0085,-1.4480771,
15539,ILMN_1654946,0.0274,0.00872,-1.2218205,
15585,ILMN_2131861,0.0277,0.00884,-1.8300713,
15637,ILMN_1704985,0.0279,0.00895,1.2997409,
15737,ILMN_1764709,0.0287,0.00926,2.1887284,
15742,ILMN_1730291,0.0287,0.00927,1.0024659,
15759,ILMN_1805228,0.0288,0.00931,1.0538497,
15775,ILMN_1774874,0.0289,0.00934,1.2030719,
15834,ILMN_2105441,0.0293,0.00949,-1.0436211,
15868,ILMN_1748915,0.0295,0.00961,1.7222579,
15892,ILMN_2199768,0.0297,0.00967,1.2659486,
16005,ILMN_1733998,0.0304,0.00998,1.5410403,
